name,key_width,payload_width,match_type,location,context,database,block
acl_map_fi_header_type_to_protocol_number_table,5,19,direct,internal,network,internal_npe,NPE
bfd_desired_tx_interval_table,3,32,direct,internal,host,internal_npe,NPE
bfd_detection_multiple_table,3,8,direct,internal,host,internal_npe,NPE
bfd_inject_inner_da_high_table,1,16,direct,internal,host,internal_npe,NPE
bfd_inject_inner_da_low_table,1,32,direct,internal,host,internal_npe,NPE
bfd_inject_inner_ethernet_header_static_table,4,60,direct,internal,host,internal_npe,NPE
bfd_inject_ttl_static_table,2,8,direct,internal,host,internal_npe,NPE
bfd_ipv6_sip_A_table,8,32,direct,internal,host,internal_npe,NPE
bfd_ipv6_sip_B_table,8,32,direct,internal,host,internal_npe,NPE
bfd_ipv6_sip_C_table,8,32,direct,internal,host,internal_npe,NPE
bfd_ipv6_sip_D_table,8,32,direct,internal,host,internal_npe,NPE
bfd_punt_encap_static_table,1,27,direct,internal,network,internal_npe,NPE
bfd_required_tx_interval_table,3,32,direct,internal,host,internal_npe,NPE
bfd_set_inject_type_static_table,1,8,direct,internal,host,internal_npe,NPE
bfd_udp_port_static_table,2,48,direct,internal,host,internal_npe,NPE
bvn_tc_map_table,6,3,direct,internal,network,internal_npe,NPE
ccm_flags_table,4,8,direct,internal,host,internal_npe,NPE
dsp_l2_attributes_table,6,52,direct,internal,network,internal_npe,NPE
dsp_l3_attributes_table,6,38,direct,internal,network,internal_npe,NPE
ene_macro_code_tpid_profile_static_table,4,24,direct,internal,network,internal_npe,NPE
eth_meter_profile_mapping_table,4,4,direct,internal,network,internal_npe,NPE
eth_oam_set_da_mc2_static_table,1,13,direct,internal,host,internal_npe,NPE
eth_oam_set_da_mc_static_table,1,32,direct,internal,host,internal_npe,NPE
eth_rtf_conf_set_mapping_table,10,12,direct,internal,network,internal_npe,NPE
eve_byte_addition_static_table,5,14,direct,internal,network,internal_npe,NPE
eve_to_ethernet_ene_static_table,7,24,direct,internal,network,internal_npe,NPE
fabric_header_types_static_table,4,1,direct,internal,fabric,internal_npe,NPE
fabric_rx_fwd_error_handling_counter_table,4,20,direct,internal,fabric,internal_npe,NPE
fabric_rx_fwd_error_handling_destination_table,4,20,direct,internal,fabric,internal_npe,NPE
fabric_rx_term_error_handling_counter_table,1,20,direct,internal,fabric,internal_npe,NPE
fabric_rx_term_error_handling_destination_table,1,20,direct,internal,fabric,internal_npe,NPE
fabric_scaled_mc_map_to_netork_slice_static_table,4,20,direct,internal,fabric,internal_npe,NPE
fabric_smcid_threshold_table,1,16,direct,internal,fabric,internal_npe,NPE
fabric_tm_headers_table,7,11,direct,internal,fabric,internal_npe,NPE
fe_smcid_threshold_table,1,16,direct,internal,fabric_element,internal_npe,NPE
first_ene_static_table,3,8,direct,internal,network,internal_npe,NPE
get_ecm_meter_ptr_table,2,20,direct,internal,fabric,internal_npe,NPE
get_ingress_ptp_info_and_is_slp_dm_static_table,2,4,direct,internal,network,internal_npe,NPE
get_l2_rtf_conf_set_and_init_stages,8,15,direct,internal,network,internal_npe,NPE
get_non_comp_mc_value_static_table,2,1,direct,internal,network,internal_npe,NPE
gre_proto_static_table,2,24,direct,internal,network,internal_npe,NPE
ibm_mc_cmd_to_encap_data_table,5,28,direct,internal,fabric,internal_npe,NPE
ibm_uc_cmd_to_encap_data_table,5,80,direct,internal,fabric,internal_npe,NPE
ingress_ip_qos_mapping_table,11,32,direct,internal,network,internal_npe,NPE
inner_tpid_table,4,16,direct,internal,host,internal_npe,NPE
ip_fwd_header_mapping_to_ethtype_static_table,4,3,direct,internal,network,internal_npe,NPE
ip_mc_local_inject_type_static_table,5,8,direct,internal,network,internal_npe,NPE
ip_mc_next_macro_static_table,2,10,direct,internal,network,internal_npe,NPE
ip_meter_profile_mapping_table,4,4,direct,internal,network,internal_npe,NPE
ip_rx_global_counter_table,1,20,direct,internal,network,internal_npe,NPE
ipv4_acl_sport_static_table,3,8,direct,internal,network,internal_npe,NPE
ipv4_rtf_conf_set_mapping_table,10,24,direct,internal,network,internal_npe,NPE
ipv6_acl_sport_static_table,3,8,direct,internal,network,internal_npe,NPE
ipv6_mc_select_qos_id,1,8,direct,internal,device,internal_npe,NPE
ipv6_rtf_conf_set_mapping_table,10,24,direct,internal,network,internal_npe,NPE
is_pacific_b1_static_table,1,1,direct,internal,network,internal_npe,NPE
l2_lp_profile_filter_table,4,1,direct,internal,network,internal_npe,NPE
l2_lpts_ip_fragment_static_table,2,2,direct,internal,network,internal_npe,NPE
l2_lpts_skip_p2p_static_table,3,1,direct,internal,network,internal_npe,NPE
l2_tunnel_term_next_macro_static_table,5,10,direct,internal,network,internal_npe,NPE
l3_vxlan_overlay_sa_table,4,32,direct,internal,network,internal_npe,NPE
lpts_2nd_lookup_table,5,25,direct,internal,network,internal_npe,NPE
lpts_meter_table,8,20,direct,internal,network,internal_npe,NPE
mac_af_npp_attributes_table,8,49,direct,internal,network,internal_npe,NPE
mac_qos_mapping_table,8,32,direct,internal,network,internal_npe,NPE
map_ene_subcode_to8bit_static_table,5,8,direct,internal,network,internal_npe,NPE
map_more_labels_static_table,4,24,direct,internal,network,internal_npe,NPE
map_recyle_tx_to_rx_data_on_pd_static_table,2,8,direct,internal,network,internal_npe,NPE
map_tm_dp_ecn_to_wa_ecn_dp_static_table,2,2,direct,internal,fabric,internal_npe,NPE
mep_address_prefix_table,2,32,direct,internal,host,internal_npe,NPE
mirror_egress_attributes_table,9,32,direct,internal,network,internal_npe,NPE
mirror_to_dsp_in_npu_soft_header_table,5,1,direct,internal,network,internal_npe,NPE
mldp_protection_table,9,2,direct,internal,network,internal_npe,NPE
mpls_encap_control_static_table,6,5,direct,internal,network,internal_npe,NPE
mpls_header_offset_in_bytes_static_table,1,8,direct,internal,network,internal_npe,NPE
mpls_l3_lsp_static_table,3,16,direct,internal,network,internal_npe,NPE
mpls_labels_1_to_4_jump_offset_static_table,2,8,direct,internal,network,internal_npe,NPE
mpls_lsp_labels_config_static_table,6,13,direct,internal,network,internal_npe,NPE
mpls_qos_mapping_table,7,32,direct,internal,network,internal_npe,NPE
next_header_1_is_l4_over_ipv4_static_table,2,1,direct,internal,network,internal_npe,NPE
nh_macro_code_to_id_l6_static_table,2,8,direct,internal,network,internal_npe,NPE
nhlfe_type_mapping_static_table,4,24,direct,internal,network,internal_npe,NPE
nw_smcid_threshold_table,1,16,direct,internal,network,internal_npe,NPE
oamp_drop_destination_static_table,1,20,direct,internal,host,internal_npe,NPE
oamp_redirect_get_counter_table,8,20,direct,internal,host,internal_npe,NPE
oamp_redirect_punt_eth_hdr_1_table,2,32,direct,internal,host,internal_npe,NPE
oamp_redirect_punt_eth_hdr_2_table,2,32,direct,internal,host,internal_npe,NPE
oamp_redirect_punt_eth_hdr_3_table,2,32,direct,internal,host,internal_npe,NPE
oamp_redirect_punt_eth_hdr_4_table,2,16,direct,internal,host,internal_npe,NPE
oamp_redirect_table,8,41,direct,internal,host,internal_npe,NPE
outer_tpid_table,4,16,direct,internal,host,internal_npe,NPE
per_port_destination_table,6,20,direct,internal,udc,internal_npe,NPE
pfc_tc_table,4,32,direct,internal,host,internal_npe,NPE
pfc_vector_static_table,3,8,direct,internal,host,internal_npe,NPE
punt_rcy_inject_header_ene_encap_table,8,28,direct,internal,network,internal_npe,NPE
punt_select_nw_ene_static_table,5,32,direct,internal,network,internal_npe,NPE
recycled_inject_up_info_table,6,18,direct,internal,network,internal_npe,NPE
resolution_set_next_macro_table,2,11,direct,internal,network,internal_npe,NPE
rewrite_sa_prefix_index_table,4,32,direct,internal,network,internal_npe,NPE
rtf_conf_set_to_og_pcl_compress_bits_mapping_table,10,4,direct,internal,network,internal_npe,NPE
rtf_conf_set_to_og_pcl_ids_mapping_table,10,32,direct,internal,network,internal_npe,NPE
rtf_conf_set_to_post_fwd_stage_mapping_table,9,6,direct,internal,device,internal_npe,NPE
rx_fwd_error_handling_counter_table,6,20,direct,internal,network,internal_npe,NPE
rx_fwd_error_handling_destination_table,1,20,direct,internal,network,internal_npe,NPE
rx_ip_p_counter_offset_static_table,3,3,direct,internal,network,internal_npe,NPE
rx_map_npp_to_ssp_table,8,27,direct,internal,network,internal_npe,NPE
rx_obm_code_table,8,41,direct,internal,network,internal_npe,NPE
rx_redirect_code_ext_table,8,20,direct,internal,network,internal_npe,NPE
rx_redirect_code_table,8,94,direct,internal,network,internal_npe,NPE
rx_term_error_handling_counter_table,6,20,direct,internal,network,internal_npe,NPE
rx_term_error_handling_destination_table,1,20,direct,internal,network,internal_npe,NPE
set_ene_macro_and_bytes_to_remove_table,5,20,direct,internal,fabric_element,internal_npe,NPE
sip_index_table,4,32,direct,internal,network,internal_npe,NPE
snoop_to_dsp_in_npu_soft_header_table,8,1,direct,internal,network,internal_npe,NPE
tunnel_qos_static_table,2,8,direct,internal,network,internal_npe,NPE
tx_error_handling_counter_table,6,20,direct,internal,network,internal_npe,NPE
txpp_mapping_qos_tag_table,11,30,direct,internal,network,internal_npe,NPE
bfd_udp_port_map_static_table,38,11,ternary,internal,network,internal_npe,NPE
ecn_remark_static_table,13,3,ternary,internal,network,internal_npe,NPE
ene_byte_addition_static_table,32,14,ternary,internal,network,internal_npe,NPE
erpp_fabric_counters_offset_table,6,3,ternary,internal,fabric,internal_npe,NPE
erpp_fabric_counters_table,21,21,ternary,internal,fabric,internal_npe,NPE
fabric_and_tm_header_size_static_table,13,6,ternary,internal,fabric,internal_npe,NPE
fabric_header_ene_macro_table,4,8,ternary,internal,fabric,internal_npe,NPE
fabric_headers_type_table,6,4,ternary,internal,fabric,internal_npe,NPE
fabric_init_cfg,1,12,ternary,internal,fabric,internal_npe,NPE
fabric_npuh_size_calculation_static_table,13,10,ternary,internal,fabric,internal_npe,NPE
fabric_out_color_map_table,2,6,ternary,internal,fabric,internal_npe,NPE
fabric_term_error_checker_static_table,6,3,ternary,internal,fabric,internal_npe,NPE
fabric_transmit_error_checker_static_table,7,3,ternary,internal,fabric,internal_npe,NPE
inject_down_select_ene_static_table,12,16,ternary,internal,network,internal_npe,NPE
ip_ingress_cmp_mcid_static_table,2,1,ternary,internal,network,internal_npe,NPE
ip_ver_mc_static_table,26,3,ternary,internal,network,internal_npe,NPE
ipv4_acl_map_protocol_type_to_protocol_number_table,8,16,ternary,internal,network,internal_npe,NPE
ipv6_first_fragment_static_table,6,1,ternary,internal,network,internal_npe,NPE
l2_lpts_ctrl_fields_static_table,4,4,ternary,internal,network,internal_npe,NPE
l2_lpts_next_macro_static_table,9,10,ternary,internal,network,internal_npe,NPE
l2_lpts_protocol_table,27,1,ternary,internal,network,internal_npe,NPE
l2_termination_next_macro_static_table,11,10,ternary,internal,network,internal_npe,NPE
l3_dlp_p_counter_offset_table,13,3,ternary,internal,network,internal_npe,NPE
l3_termination_classify_ip_tunnels_table,25,12,ternary,internal,network,internal_npe,NPE
l3_termination_next_macro_static_table,9,10,ternary,internal,network,internal_npe,NPE
l3_tunnel_termination_next_macro_static_table,11,10,ternary,internal,network,internal_npe,NPE
lpts_og_application_table,61,14,ternary,internal,network,internal_npe,NPE
mac_da_table,53,16,ternary,internal,network,internal_npe,NPE
mac_ethernet_rate_limit_type_static_table,3,3,ternary,internal,network,internal_npe,NPE
mac_termination_next_macro_static_table,13,10,ternary,internal,network,internal_npe,NPE
map_inject_ccm_macro_static_table,8,16,ternary,internal,host,internal_npe,NPE
map_tx_punt_next_macro_static_table,10,17,ternary,internal,network,internal_npe,NPE
map_tx_punt_rcy_next_macro_static_table,10,10,ternary,internal,network,internal_npe,NPE
meg_id_format_table,17,1,ternary,internal,host,internal_npe,NPE
mldp_protection_enabled_static_table,5,1,ternary,internal,network,internal_npe,NPE
mpls_resolve_service_labels_static_table,15,12,ternary,internal,network,internal_npe,NPE
mpls_vpn_enabled_static_table,19,2,ternary,internal,network,internal_npe,NPE
my_ipv4_table,45,18,ternary,internal,network,internal_npe,NPE
null_rtf_next_macro_static_table,10,10,ternary,internal,network,internal_npe,NPE
obm_next_macro_static_table,10,10,ternary,internal,network,internal_npe,NPE
og_next_macro_static_table,1,10,ternary,internal,network,internal_npe,NPE
pad_mtu_inj_check_static_table,15,11,ternary,internal,network,internal_npe,NPE
pfc_filter_wd_table,15,20,ternary,internal,network,internal_npe,NPE
pfc_offset_from_vector_static_table,8,5,ternary,internal,host,internal_npe,NPE
pfc_ssp_slice_map_table,16,16,ternary,internal,host,internal_npe,NPE
pfc_tc_latency_table,3,16,ternary,internal,host,internal_npe,NPE
pfc_tc_wrap_latency_table,3,16,ternary,internal,host,internal_npe,NPE
punt_ethertype_static_table,5,16,ternary,internal,network,internal_npe,NPE
redirect_table,199,8,ternary,internal,host:network,internal_npe,NPE
resolution_pfc_select_table,7,3,ternary,internal,network,internal_npe,NPE
rtf_next_macro_static_table,19,11,ternary,internal,network,internal_npe,NPE
rx_redirect_next_macro_static_table,22,11,ternary,internal,network,internal_npe,NPE
second_ene_static_table,2,8,ternary,internal,network,internal_npe,NPE
select_inject_next_macro_static_table,13,10,ternary,internal,network,internal_npe,NPE
snoop_table,199,8,ternary,internal,network,internal_npe,NPE
svl_next_macro_static_table,13,12,ternary,internal,network,internal_npe,NPE
te_headend_lsp_counter_offset_table,9,6,ternary,internal,network,internal_npe,NPE
tunnel_dlp_p_counter_offset_table,10,3,ternary,internal,network,internal_npe,NPE
urpf_ipsa_dest_is_lpts_static_table,5,1,ternary,internal,network,internal_npe,NPE
vlan_format_table,15,13,ternary,internal,network,internal_npe,NPE
all_reachable_vector,1,108,direct,external,device,external_dummy_all_reachable_table,
bfd_event_queue_table,72,0,direct,external,device,external_npuh_cpu_evq,
bitmap_oqg_map_table,8,8,direct,external,device,external_txpdr_oqg_map_table,
calc_checksum_enable_table,4,1,direct,external,device,external_calc_checksum_enable_hw_table,
cif2npa_c_lri_macro,1,8,direct,external,device,external_lri_first_macro_id,
cif2npa_c_mps_macro,1,8,direct,external,device,external_npu_host_first_macro_id,
counters_block_config_table,7,24,direct,external,device,external_counters_block_config,
counters_voq_block_map_table,10,23,direct,external,device,external_voq_counters_voq_block_map,
cud_is_multicast_bitmap,4,1,direct,external,device,external_cud_is_multicast_bitmap,
cud_narrow_hw_table,13,40,direct,external,device,external_cud_narrow_hw_table,
cud_wide_hw_table,12,80,direct,external,device,external_cud_wide_hw_table,
dest_slice_voq_map_table,3,16,direct,external,device,external_dest_slice_voq_map_table,
destination_decoding_table,5,8,direct,external,device,external_resolution_destination_decoding,
device_mode_table,1,2,direct,external,device,external_dummy_device_mode_table,
dummy_dip_index_table,9,1,direct,external,device,external_egress_dip_index,
egress_nh_and_svi_direct0_table,12,119,direct,external,device,external_egress_direct0,
egress_nh_and_svi_direct1_table,10,119,direct,external,device,external_egress_direct1,
event_queue_table,10,61,direct,external,device,external_npuh_cpu_evq,
external_aux_table,12,160,direct,external,device,external_npuh_aux,
fb_link_2_link_bundle_table,7,6,direct,external,device,external_fb_link_2_link_bundle_table,
fe_broadcast_bmp_table,7,108,direct,external,device,external_fe_broadcast_bmp_table,
fe_rlb_uc_tx_fb_link_to_oq_map_table,7,9,direct,external,device,external_fe_rlb_uc_tx_fb_link_to_oq_map_table,
fe_smcid_to_mcid_table,15,128,direct,external,device,external_mac_lp,
fe_uc_link_bundle_desc_table,6,88,direct,external,device,external_fe_uc_link_bundle_desc_table,
fi_macro_config_table,6,72,direct,external,device,external_fi_core_macro_config,
filb_voq_mapping,16,26,direct,external,device,external_filb_voq_mapping_table,
frm_db_fabric_routing_table,9,108,direct,external,device,external_frm_db_fabric_routing_table,
fwd_type_to_ive_enable_table,4,1,direct,external,device,external_fwd_type_to_ive_enable_hw_table,
hmc_cgm_cgm_lut_table,12,3,direct,external,device,external_voq_cgm_cgmlut,
hmc_cgm_profile_global_table,5,284,direct,external,device,external_voq_cgm_profile_global,
ibm_cmd_table,5,49,direct,external,device,external_ibm_cmd_table,
ifgb_tc_lut_table,11,6,direct,external,device,external_ifgb_tc_lut,
inject_mact_ldb_to_output_lr,1,4,direct,external,device,external_mact_ldb,
latest_learn_records_table,5,88,direct,external,device,external_latest_lr,
learn_manager_cfg_max_learn_type_reg,1,2,direct,external,device,external_lm_cfg_max_reg,
learn_record_fifo_table,4,88,direct,external,device,external_lr_fifo,
light_fi_fabric_table,4,37,direct,external,device,external_light_fi_fabric_table,
light_fi_npu_base_table,6,37,direct,external,device,external_light_fi_npu_base_table,
light_fi_npu_encap_table,8,37,direct,external,device,external_light_fi_npu_encap_table,
light_fi_stages_cfg_table,3,20,direct,external,device,external_light_fi_stages_cfg,
light_fi_tm_table,4,37,direct,external,device,external_light_fi_tm_table,
link_relay_attributes_table,12,54,direct,external,device,external_mac_link_relay,
link_up_vector,1,108,direct,external,device,external_dummy_link_up_table,
lpm_destination_prefix_map_table,6,7,direct,external,device,external_lpm_dest_prefix_map,
lr_filter_write_ptr_reg,1,5,direct,external,device,external_lrc_filter_fifo_write_ptr_reg,
lr_write_ptr_reg,1,4,direct,external,device,external_lrc_fifo_write_ptr_reg,
mc_bitmap_base_voq_lookup_table,3,18,direct,external,device,external_mc_bitmap_base_voq_lookup_table,
mc_bitmap_tc_map_table,5,3,direct,external,device,external_mc_bitmap_tc_map_table,
mc_copy_id_map,6,13,direct,external,device,external_mc_copy_id_map,
mc_cud_is_wide_table,6,1,direct,external,device,external_cud_is_wide_table,
mc_emdb_tc_map_table,5,3,direct,external,device,external_mc_emdb_tc_map_table,
mc_fe_links_bmp,16,109,direct,external,device,external_mc_fe_links_bmp,
mc_ibm_cud_mapping_table,9,129,direct,external,device,external_egress_dip_index,
mc_slice_bitmap_table,16,12,direct,external,device,external_mc_slice_bitmap,
mii_loopback_table,6,2,direct,external,device,external_mii_loopback_table,
mirror_code_hw_table,8,5,direct,external,device,external_mirror_code_hw_table,
mp_aux_data_table,12,160,direct,external,device,external_npuh_aux,
mp_data_table,13,200,direct,external,device,external_npuh_mp_data,
ms_voq_fabric_context_offset_table,2,16,direct,external,device,external_ms_voq_fabric_context_offset_table,
native_ce_ptr_table,17,99,direct,external,device,external_resolution_native_lp,
native_fec_table,12,56,direct,external,device,external_resolution_native_fec,
native_fec_type_decoding_table,4,63,direct,external,device,external_resolution_native_fec_type,
native_frr_table,8,119,direct,external,device,external_resolution_native_frr,
native_frr_type_decoding_table,4,63,direct,external,device,external_resolution_native_frr_type,
native_l2_lp_table,18,99,direct,external,device,external_resolution_native_lp,
native_l2_lp_type_decoding_table,4,63,direct,external,device,external_resolution_native_l2_lp_type,
native_lb_group_size_table,13,10,direct,external,device,external_resolution_native_lb_group_size,
native_lb_type_decoding_table,4,63,direct,external,device,external_resolution_native_lb_type,
native_lp_is_pbts_prefix_table,5,1,direct,external,device,external_resolution_native_lp_is_pbts_prefix,
native_lp_pbts_map_table,5,8,direct,external,device,external_resolution_native_lp_pbts_map,
native_protection_table,13,1,direct,external,device,external_resolution_native_protection,
oamp_event_queue_table,34,0,direct,external,device,external_npuh_cpu_evq,
path_lb_type_decoding_table,3,63,direct,external,device,external_resolution_path_lb_type,
path_lp_is_pbts_prefix_table,5,1,direct,external,device,external_resolution_path_lp_is_pbts_prefix,
path_lp_pbts_map_table,5,8,direct,external,device,external_resolution_path_lp_pbts_map,
path_lp_table,15,85,direct,external,device,external_resolution_path_lp,
path_lp_type_decoding_table,3,63,direct,external,device,external_resolution_path_lp_type,
path_protection_table,13,1,direct,external,device,external_resolution_path_protection,
pdoq_oq_ifc_mapping,9,15,direct,external,device,external_pdoq_ifc_mapping,
pdvoq_bank_pair_offset_table,1,108,direct,external,device,external_dummy_pdvoq_bank_pair_offset_table,
pdvoq_slice_voq_properties_table,16,8,direct,external,device,external_pdvoq_slice_voq_properties_table,
pfc_event_queue_table,22,0,direct,external,device,external_npuh_cpu_evq,
pin_start_offset_macros,1,4,direct,external,device,external_npu_host_pin_start_offset_macros,
pma_loopback_table,6,2,direct,external,device,external_pma_loopback_table,
port_dspa_group_size_table,13,10,direct,external,device,external_resolution_port_dspa_group_size,
port_dspa_type_decoding_table,1,63,direct,external,device,external_resolution_port_dspa_type,
port_npp_protection_table,10,92,direct,external,device,external_resolution_port_npp_protection,
port_npp_protection_type_decoding_table,2,63,direct,external,device,external_resolution_port_npp_protection_type,
port_protection_table,10,1,direct,external,device,external_resolution_port_protection,
punt_tunnel_transport_extended_encap_table2,10,48,direct,external,device,external_egress_l3_dlp1,
reassembly_source_port_map_table,6,6,direct,external,device,external_source_port_map,
recycle_override_table,6,34,direct,external,device,external_recycle_override,
redirect_destination_table,1,2,direct,external,device,external_redirect_dest_reg,
rmep_last_time_table,13,32,direct,external,device,external_npuh_rmep_last_time,
rmep_state_table,13,16,direct,external,device,external_npuh_rmep_state,
rpf_fec_access_map_table,5,1,direct,external,device,external_rpf_fec_access_map,
rpf_fec_table,12,20,direct,external,device,external_rpf_fec,
rx_counters_block_config_table,7,4,direct,external,device,external_rx_counters_config,
rx_meter_block_meter_attribute_table,15,7,direct,external,device,external_rx_meter_block_meter_attribute_table,
rx_meter_block_meter_profile_table,8,39,direct,external,device,external_rx_meter_block_meter_profile_table,
rx_meter_block_meter_shaper_configuration_table,15,20,direct,external,device,external_rx_meter_block_meter_shaper_configuration_table,
rx_meter_distributed_meter_profile_table,6,77,direct,external,device,external_rx_meter_distributed_meter_profile_table,
rx_meter_exact_meter_decision_mapping_table,7,7,direct,external,device,external_rx_meter_decision_mapping_table,
rx_meter_meter_profile_table,6,39,direct,external,device,external_rx_meter_meter_profile_table,
rx_meter_meter_shaper_configuration_table,13,20,direct,external,device,external_rx_meter_meter_shaper_configuration_table,
rx_meter_meters_attribute_table,13,7,direct,external,device,external_rx_meter_meters_attribute_table,
rx_meter_rate_limiter_shaper_configuration_table,11,10,direct,external,device,external_rx_meter_rate_limiter_shaper_configuration_table,
rx_meter_stat_meter_decision_mapping_table,8,7,direct,external,device,external_rx_stat_meter_decision_mapping_table,
rx_npu_to_tm_dest_table,6,6,direct,external,device,external_rx_npu_to_tm_dest_table,
rxpdr_dsp_lookup_table,13,28,direct,external,device,external_rxpdr_dsp_lut_table,
rxpdr_dsp_tc_map,6,4,direct,external,device,external_rxpdr_dsp_tc_map,
sch_oqse_cfg,9,72,direct,external,device,external_sch_oqse_cfg,
service_lp_attributes_table,16,144,direct,external,device,external_mac_lp,
service_relay_attributes_table,14,54,direct,external,device,external_mac_service_relay,
slice_modes_table,3,1,direct,external,device,external_slice_modes_table,
snoop_code_hw_table,8,5,direct,external,device,external_snoop_code_hw_table,
source_pif_hw_table,6,68,direct,external,device,external_source_pif,
stage2_lb_group_size_table,13,10,direct,external,device,external_resolution_path_lb_group_size,
stage3_lb_group_size_table,13,10,direct,external,device,external_resolution_stage3_lb_group_size,
stage3_lb_type_decoding_table,2,63,direct,external,device,external_resolution_stage3_lb_type,
termination_to_forwarding_fi_hardwired_table,5,2,direct,external,device,external_termination_to_forwarding_fi_hardwired,
tm_ibm_cmd_to_destination,5,9,direct,external,device,external_tm_ibm_to_destination,
ts_cmd_hw_static_table,4,8,direct,external,device,external_ts_cmd_hw_static_table,
tx_counters_block_config_table,7,4,direct,external,device,external_tx_counters_config,
tx_punt_eth_encap_table,9,129,direct,external,device,external_egress_dip_index,
txpdr_mc_list_size_table,16,11,direct,external,device,external_txpdr_mc_list_size_table,
txpdr_tc_map_table,6,3,direct,external,device,external_txpdr_oq_tc_map_table,
txpp_dlp_profile_table,14,8,direct,external,device,external_dlp_profile_hw_table,
txpp_encap_qos_mapping_table,13,7,direct,external,device,external_encap_qos_mapping_hw_table,
txpp_first_enc_type_to_second_enc_type_offset,4,1,direct,external,device,external_first_enc_type_to_second_enc_type_offset,
txpp_fwd_header_type_is_l2_table,8,1,direct,external,device,external_fwd_header_type_is_l2_hw_table,
txpp_fwd_qos_mapping_table,13,7,direct,external,device,external_fwd_qos_mapping_hw_table,
txpp_ibm_enables_table,1,159,direct,external,device,external_txpp_ibm_enables_table,
uc_ibm_tc_map_table,6,4,direct,external,device,external_rxpdr_ibm_tc_map,
vlan_edit_tpid1_profile_hw_table,2,16,direct,external,device,external_vlan_edit_tpid1,
vlan_edit_tpid2_profile_hw_table,2,16,direct,external,device,external_vlan_edit_tpid2,
voq_cgm_slice_buffers_consumption_lut_for_enq_table,11,64,direct,external,device,external_voq_cgm_bclfe,
voq_cgm_slice_dram_cgm_profile_table,5,106,direct,external,device,external_voq_cgm_dcp,
voq_cgm_slice_pd_consumption_lut_for_enq_table,10,64,direct,external,device,external_voq_cgm_pclfe,
voq_cgm_slice_profile_buff_region_thresholds_table,5,98,direct,external,device,external_voq_cgm_pbrt,
voq_cgm_slice_profile_pkt_enq_time_region_thresholds_table,5,120,direct,external,device,external_voq_cgm_ppetrt,
voq_cgm_slice_profile_pkt_region_thresholds_table,5,98,direct,external,device,external_voq_cgm_pprt,
voq_cgm_slice_slice_cgm_profile_table,5,3,direct,external,device,external_voq_cgm_slice_slice_cgm_profile,
additional_labels_table,12,120,em,external,device,external_egress_small_em,
bfd_rx_table,41,44,em,external,device,external_central_em,
em_mp_table,48,40,em,external,device,external_npuh_eth_mp_em,
em_pfc_cong_table,48,40,em,external,device,external_npuh_eth_mp_em,
fwd_destination_to_tm_result_data,20,33,em,external,device,external_rx_to_tx_destination,
inject_down_tx_redirect_counter_table,8,21,em,external,device,external_mac_service_mapping_em_1,
inject_up_pif_ifg_init_data_table,11,59,em,external,device,external_mac_service_mapping_em_1,
inject_up_ssp_init_data_table,12,48,em,external,device,external_mac_service_mapping_em_1,
ip_prefix_destination_table,17,20,em,external,device,external_central_em,
ip_relay_to_vni_table,21,112,em,external,device,external_egress_large_em,
ipv4_ip_tunnel_termination_dip_index_tt0_table,21,129,em,external,device,external_tunnel0,
ipv4_ip_tunnel_termination_sip_dip_index_tt0_table,53,129,em,external,device,external_tunnel0,
ipv4_ip_tunnel_termination_sip_dip_index_tt1_table,53,129,em,external,device,external_tunnel1,
ipv4_og_pcl_em_table,44,64,em,external,device,external_central_em,
ipv4_vrf_dip_em_table,44,64,em,external,device,external_central_em,
ipv4_vrf_s_g_table,71,64,em,external,device,external_central_em,
ipv6_og_pcl_em_table,140,64,em,external,device,external_central_em,
ipv6_vrf_dip_em_table,140,64,em,external,device,external_central_em,
ipv6_vrf_s_g_table,59,64,em,external,device,external_central_em,
l2_dlp_table,18,118,em,external,device,external_egress_large_em,
l3_dlp_table,14,138,em,external,device,external_egress_l3_dlp0,
large_encap_global_lsp_prefix_table,16,80,em,external,device,external_egress_large_em,
large_encap_ip_tunnel_table,16,120,em,external,device,external_egress_large_em,
large_encap_mpls_he_no_ldp_table,28,80,em,external,device,external_egress_large_em,
large_encap_mpls_ldp_over_te_table,32,45,em,external,device,external_egress_large_em,
large_encap_te_he_tunnel_id_table,28,80,em,external,device,external_egress_large_em,
lp_over_lag_table,34,20,em,external,device,external_central_em,
mac_forwarding_table,62,32,em,external,device,external_central_em,
mac_mc_em_termination_attributes_table,14,120,em,external,device,external_mac_termination_em,
mac_relay_g_ipv4_table,42,20,em,external,device,external_central_em,
mac_relay_g_ipv6_table,134,20,em,external,device,external_central_em,
mac_relay_to_vni_table,14,44,em,external,device,external_egress_large_em,
mac_termination_em_table,38,120,em,external,device,external_mac_termination_em,
mac_termination_no_da_em_table,14,120,em,external,device,external_mac_termination_em,
mc_em_db,32,72,em,external,device,external_mc_em_db,
mpls_forwarding_table,20,64,em,external,device,external_central_em,
mpls_termination_em0_table,20,49,em,external,device,external_mac_service_mapping_em_0,
mpls_termination_em1_table,20,49,em,external,device,external_mac_service_mapping_em_1,
native_lb_table,30,49,em,external,device,external_resolution_native_lb,
overlay_ipv4_sip_table,36,16,em,external,device,external_mac_service_mapping_em_0,
per_asbr_and_dpe_table,32,45,em,external,device,external_egress_large_em,
per_pe_and_prefix_vpn_key_large_table,33,76,em,external,device,external_egress_large_em,
per_pe_and_vrf_vpn_key_large_table,27,76,em,external,device,external_egress_large_em,
per_vrf_mpls_forwarding_table,31,64,em,external,device,external_central_em,
pfc_destination_table,48,40,em,external,device,external_central_em,
port_dspa_table,30,15,em,external,device,external_resolution_port_dspa,
punt_tunnel_transport_encap_table,8,120,em,external,device,external_egress_large_em,
punt_tunnel_transport_extended_encap_table,8,80,em,external,device,external_egress_small_em,
pwe_label_table,14,76,em,external,device,external_egress_large_em,
pwe_to_l3_dest_table,20,20,em,external,device,external_central_em,
pwe_vpls_label_table,34,76,em,external,device,external_egress_large_em,
pwe_vpls_tunnel_label_table,34,76,em,external,device,external_egress_large_em,
rx_obm_punt_src_and_code_table,16,65,em,external,device,external_mac_termination_em,
service_mapping_em0_ac_port_table,16,30,em,external,device,external_mac_service_mapping_em_0,
service_mapping_em0_ac_port_tag_table,28,30,em,external,device,external_mac_service_mapping_em_0,
service_mapping_em0_ac_port_tag_tag_table,40,30,em,external,device,external_mac_service_mapping_em_0,
service_mapping_em0_pwe_tag_table,28,30,em,external,device,external_mac_service_mapping_em_0,
service_mapping_em1_ac_port_tag_table,28,30,em,external,device,external_mac_service_mapping_em_1,
slp_based_forwarding_table,14,44,em,external,device,external_central_em,
small_encap_mpls_he_asbr_table,28,80,em,external,device,external_egress_small_em,
small_encap_mpls_he_te_table,28,80,em,external,device,external_egress_small_em,
stage2_lb_table,30,29,em,external,device,external_resolution_path_lb,
stage3_lb_table,30,40,em,external,device,external_resolution_stage3_lb,
tx_redirect_code_table,8,40,em,external,device,external_egress_large_em,
vni_table,24,38,em,external,device,external_tunnel1,
vsid_table,24,14,em,external,device,external_mac_service_mapping_em_1,
vxlan_l2_dlp_table,18,75,em,external,device,external_egress_small_em,
default_egress_ipv4_sec_acl_table,129,24,ternary,external,device,external_central_tcam,
default_egress_ipv6_acl_sec_table,320,24,ternary,external,device,external_central_tcam,
egress_mac_ipv4_sec_acl_table,131,24,ternary,external,device,external_central_tcam,
fi_core_tcam_table,40,54,ternary,external,device,external_fi_core_tcam,
ingress_rtf_eth_db1_160_f0_table,160,64,ternary,external,device,external_central_tcam,
ingress_rtf_eth_db2_160_f0_table,160,64,ternary,external,device,external_central_tcam,
ingress_rtf_ipv4_db1_160_f0_table,160,64,ternary,external,device,external_central_tcam,
ingress_rtf_ipv4_db1_160_f1_table,160,64,ternary,external,device,external_central_tcam,
ingress_rtf_ipv4_db1_320_f0_table,320,64,ternary,external,device,external_central_tcam,
ingress_rtf_ipv4_db2_160_f0_table,160,64,ternary,external,device,external_central_tcam,
ingress_rtf_ipv4_db2_160_f1_table,160,64,ternary,external,device,external_central_tcam,
ingress_rtf_ipv4_db2_320_f0_table,320,64,ternary,external,device,external_central_tcam,
ingress_rtf_ipv4_db3_160_f0_table,160,64,ternary,external,device,external_central_tcam,
ingress_rtf_ipv4_db3_160_f1_table,160,64,ternary,external,device,external_central_tcam,
ingress_rtf_ipv4_db3_320_f0_table,320,64,ternary,external,device,external_central_tcam,
ingress_rtf_ipv4_db4_160_f0_table,160,64,ternary,external,device,external_central_tcam,
ingress_rtf_ipv4_db4_160_f1_table,160,64,ternary,external,device,external_central_tcam,
ingress_rtf_ipv4_db4_320_f0_table,320,64,ternary,external,device,external_central_tcam,
ingress_rtf_ipv6_db1_160_f0_table,160,64,ternary,external,device,external_central_tcam,
ingress_rtf_ipv6_db1_160_f1_table,160,64,ternary,external,device,external_central_tcam,
ingress_rtf_ipv6_db1_320_f0_table,320,64,ternary,external,device,external_central_tcam,
ingress_rtf_ipv6_db2_160_f0_table,160,64,ternary,external,device,external_central_tcam,
ingress_rtf_ipv6_db2_160_f1_table,160,64,ternary,external,device,external_central_tcam,
ingress_rtf_ipv6_db2_320_f0_table,320,64,ternary,external,device,external_central_tcam,
ingress_rtf_ipv6_db3_160_f0_table,160,64,ternary,external,device,external_central_tcam,
ingress_rtf_ipv6_db3_160_f1_table,160,64,ternary,external,device,external_central_tcam,
ingress_rtf_ipv6_db3_320_f0_table,320,64,ternary,external,device,external_central_tcam,
ingress_rtf_ipv6_db4_160_f0_table,160,64,ternary,external,device,external_central_tcam,
ingress_rtf_ipv6_db4_160_f1_table,160,64,ternary,external,device,external_central_tcam,
ingress_rtf_ipv6_db4_320_f0_table,320,64,ternary,external,device,external_central_tcam,
ipv4_lpts_table,153,64,ternary,external,device,external_central_tcam,
ipv6_lpts_table,319,64,ternary,external,device,external_central_tcam,
ipv6_sip_compression_table,128,16,ternary,external,device,external_central_tcam,
l2_lpts_ipv4_table,102,32,ternary,external,device,external_central_tcam,
l2_lpts_ipv6_table,134,32,ternary,external,device,external_central_tcam,
l2_lpts_mac_table,84,32,ternary,external,device,external_central_tcam,
light_fi_nw_0_table,21,44,ternary,external,device,external_light_fi_nw_0_table,
light_fi_nw_1_table,21,44,ternary,external,device,external_light_fi_nw_1_table,
light_fi_nw_2_table,21,44,ternary,external,device,external_light_fi_nw_2_table,
light_fi_nw_3_table,21,44,ternary,external,device,external_light_fi_nw_3_table,
mac_mc_tcam_termination_attributes_table,14,120,ternary,external,device,external_mac_termination_tcam,
mac_termination_tcam_table,38,120,ternary,external,device,external_mac_termination_tcam,
service_mapping_tcam_ac_port_table,16,228,ternary,external,device,external_mac_service_mapping_tcam,
service_mapping_tcam_ac_port_tag_table,28,228,ternary,external,device,external_mac_service_mapping_tcam,
service_mapping_tcam_ac_port_tag_tag_table,40,228,ternary,external,device,external_mac_service_mapping_tcam,
service_mapping_tcam_pwe_tag_table,28,228,ternary,external,device,external_mac_service_mapping_tcam,
sgacl_table,11,64,ternary,external,device,external_central_tcam,
txpp_initial_npe_macro_table,13,6,ternary,external,device,external_txpp_initial_npe_macro_table,
ipv4_lpm_table,43,20,lpm,external,device,external_central_lpm,
ipv4_og_pcl_lpm_table,43,20,lpm,external,device,external_central_lpm,
ipv6_lpm_table,139,20,lpm,external,device,external_central_lpm,
ipv6_og_pcl_lpm_table,139,20,lpm,external,device,external_central_lpm,
